{"cameraMode":{"drawMode":0,"name":"Shaded","section":"Shading Mode"},"sceneLighting":true,"audioPlay":false,"sceneViewState":{"showFog":true,"showMaterialUpdate":true,"showSkybox":true,"showFlares":true,"showImageEffects":true,"showParticleSystems":true},"in2DMode":false,"pivot":{"x":2.676964282989502,"y":-2.745206356048584,"z":2.165019989013672},"rotation":{"x":-0.26281413435935976,"y":0.1389191448688507,"z":-0.038269344717264178,"w":-0.9540260434150696},"size":50.317657470703128,"orthographic":false}