{"cameraMode":{"drawMode":0,"name":"Shaded","section":"Shading Mode"},"sceneLighting":true,"audioPlay":false,"sceneViewState":{"showFog":true,"showMaterialUpdate":true,"showSkybox":true,"showFlares":true,"showImageEffects":true,"showParticleSystems":true},"in2DMode":false,"pivot":{"x":0.746490478515625,"y":-18.41802978515625,"z":61.21145248413086},"rotation":{"x":0.31780511140823367,"y":-0.05599410459399223,"z":0.018804743885993959,"w":0.9463145732879639},"size":133.3987579345703,"orthographic":false}