{"cameraMode":{"drawMode":0,"name":"Shaded","section":"Shading Mode"},"sceneLighting":true,"audioPlay":false,"sceneViewState":{"showFog":true,"showMaterialUpdate":true,"showSkybox":true,"showFlares":true,"showImageEffects":true,"showParticleSystems":true},"in2DMode":false,"pivot":{"x":-0.002724170684814453,"y":0.5072600245475769,"z":0.006647348403930664},"rotation":{"x":-0.005174442194402218,"y":0.7238518595695496,"z":0.005429012700915337,"w":0.6899149417877197},"size":8.014121055603028,"orthographic":false}