{"cameraMode":{"drawMode":0,"name":"Shaded","section":"Shading Mode"},"sceneLighting":true,"audioPlay":false,"sceneViewState":{"showFog":true,"showMaterialUpdate":true,"showSkybox":true,"showFlares":true,"showImageEffects":true,"showParticleSystems":true},"in2DMode":false,"pivot":{"x":-0.5992209911346436,"y":0.22555780410766602,"z":0.10295629501342774},"rotation":{"x":-0.10629115998744965,"y":0.79752516746521,"z":-0.5752790570259094,"w":-0.1473534256219864},"size":11.268169403076172,"orthographic":false}