{"cameraMode":{"drawMode":0,"name":"Shaded","section":"Shading Mode"},"sceneLighting":true,"audioPlay":false,"sceneViewState":{"showFog":true,"showMaterialUpdate":true,"showSkybox":true,"showFlares":true,"showImageEffects":true,"showParticleSystems":true},"in2DMode":false,"pivot":{"x":0.006647288799285889,"y":2.0652599334716799,"z":0.002724289894104004},"rotation":{"x":-0.006706530693918467,"y":-0.9721389412879944,"z":0.028015675023198129,"w":-0.23264311254024507},"size":7.363790512084961,"orthographic":false}