{"cameraMode":{"drawMode":0,"name":"Shaded","section":"Shading Mode"},"sceneLighting":false,"audioPlay":false,"sceneViewState":{"showFog":true,"showMaterialUpdate":true,"showSkybox":false,"showFlares":true,"showImageEffects":true,"showParticleSystems":true},"in2DMode":false,"pivot":{"x":0.0,"y":1.4112613201141358,"z":0.06999969482421875},"rotation":{"x":0.018446074798703195,"y":-0.6901470422744751,"z":0.017602909356355668,"w":0.7232213020324707},"size":4.861289978027344,"orthographic":false}