{"cameraMode":{"drawMode":0,"name":"Shaded","section":"Shading Mode"},"sceneLighting":false,"audioPlay":false,"sceneViewState":{"showFog":true,"showMaterialUpdate":true,"showSkybox":false,"showFlares":true,"showImageEffects":true,"showParticleSystems":true},"in2DMode":false,"pivot":{"x":6.679634094238281,"y":14.196187973022461,"z":-49.301368713378909},"rotation":{"x":0.2660844326019287,"y":0.2960801124572754,"z":-0.08626233786344528,"w":0.9132890105247498},"size":37.739166259765628,"orthographic":false}