{"cameraMode":{"drawMode":0,"name":"Shaded","section":"Shading Mode"},"sceneLighting":false,"audioPlay":false,"sceneViewState":{"showFog":true,"showMaterialUpdate":true,"showSkybox":false,"showFlares":true,"showImageEffects":true,"showParticleSystems":true},"in2DMode":false,"pivot":{"x":-0.0010138675570487977,"y":0.00019778311252593994,"z":-0.004383064806461334},"rotation":{"x":0.32659822702407839,"y":0.29360437393188479,"z":-0.10750701278448105,"w":0.8919500112533569},"size":0.3682289719581604,"orthographic":false}