{"cameraMode":{"drawMode":0,"name":"Shaded","section":"Shading Mode"},"sceneLighting":false,"audioPlay":false,"sceneViewState":{"showFog":true,"showMaterialUpdate":true,"showSkybox":false,"showFlares":true,"showImageEffects":true,"showParticleSystems":true},"in2DMode":false,"pivot":{"x":-1.0262432098388672,"y":2.069999933242798,"z":12.449999809265137},"rotation":{"x":0.16625240445137025,"y":-0.4931337535381317,"z":0.09663109481334686,"w":0.8484359979629517},"size":22.0,"orthographic":false}