{"cameraMode":{"drawMode":0,"name":"Shaded","section":"Shading Mode"},"sceneLighting":false,"audioPlay":false,"sceneViewState":{"showFog":true,"showMaterialUpdate":true,"showSkybox":false,"showFlares":true,"showImageEffects":true,"showParticleSystems":true},"in2DMode":false,"pivot":{"x":-0.0074999332427978519,"y":2.2400004863739015,"z":-0.01100015640258789},"rotation":{"x":0.10149628669023514,"y":0.8956734538078308,"z":-0.26620420813560488,"w":0.34148120880126955},"size":7.658567905426025,"orthographic":false}