{"cameraMode":{"drawMode":0,"name":"Shaded","section":"Shading Mode"},"sceneLighting":false,"audioPlay":false,"sceneViewState":{"showFog":true,"showMaterialUpdate":true,"showSkybox":false,"showFlares":true,"showImageEffects":true,"showParticleSystems":true},"in2DMode":false,"pivot":{"x":8.116613388061524,"y":15.639425277709961,"z":-41.43509292602539},"rotation":{"x":0.27331405878067019,"y":0.1179460808634758,"z":-0.03378838300704956,"w":0.9540696740150452},"size":105.4959487915039,"orthographic":false}