{"cameraMode":{"drawMode":0,"name":"Shaded","section":"Shading Mode"},"sceneLighting":false,"audioPlay":false,"sceneViewState":{"showFog":true,"showMaterialUpdate":true,"showSkybox":false,"showFlares":true,"showImageEffects":true,"showParticleSystems":true},"in2DMode":false,"pivot":{"x":-4.098086833953857,"y":-1.434887409210205,"z":-2.2864227294921877},"rotation":{"x":0.31735554337501528,"y":-0.07528427243232727,"z":0.025283033028244973,"w":0.9449756145477295},"size":2.8578836917877199,"orthographic":false}