{"cameraMode":{"drawMode":0,"name":"Shaded","section":"Shading Mode"},"sceneLighting":false,"audioPlay":false,"sceneViewState":{"showFog":true,"showMaterialUpdate":true,"showSkybox":false,"showFlares":true,"showImageEffects":true,"showParticleSystems":true},"in2DMode":false,"pivot":{"x":-10.550313949584961,"y":2.0899910926818849,"z":3.4906322956085207},"rotation":{"x":-0.15486635267734528,"y":-0.8101740479469299,"z":0.24662667512893678,"w":-0.5087347030639648},"size":7.54755973815918,"orthographic":false}