{"cameraMode":{"drawMode":0,"name":"Shaded","section":"Shading Mode"},"sceneLighting":false,"audioPlay":false,"sceneViewState":{"showFog":true,"showMaterialUpdate":true,"showSkybox":false,"showFlares":true,"showImageEffects":true,"showParticleSystems":true},"in2DMode":false,"pivot":{"x":0.15922152996063233,"y":5.858381271362305,"z":0.492140531539917},"rotation":{"x":-0.013104621320962906,"y":-0.9538760185241699,"z":-0.04209495708346367,"w":0.29694676399230959},"size":2.425863027572632,"orthographic":false}