{"cameraMode":{"drawMode":0,"name":"Shaded","section":"Shading Mode"},"sceneLighting":false,"audioPlay":false,"sceneViewState":{"showFog":true,"showMaterialUpdate":true,"showSkybox":false,"showFlares":true,"showImageEffects":true,"showParticleSystems":true},"in2DMode":false,"pivot":{"x":125.04692077636719,"y":-7.167462348937988,"z":59.26783752441406},"rotation":{"x":-0.06700777262449265,"y":0.9300674200057983,"z":-0.2143382728099823,"w":-0.2907637357711792},"size":15.702049255371094,"orthographic":false}