{"cameraMode":{"drawMode":0,"name":"Shaded","section":"Shading Mode"},"sceneLighting":false,"audioPlay":false,"sceneViewState":{"showFog":true,"showMaterialUpdate":true,"showSkybox":false,"showFlares":true,"showImageEffects":true,"showParticleSystems":true},"in2DMode":false,"pivot":{"x":-0.002724170684814453,"y":5.658308506011963,"z":0.013731181621551514},"rotation":{"x":0.675797700881958,"y":-0.28233227133750918,"z":0.3165028691291809,"w":0.602836549282074},"size":7.91221809387207,"orthographic":false}