{"cameraMode":{"drawMode":0,"name":"Shaded","section":"Shading Mode"},"sceneLighting":true,"audioPlay":false,"sceneViewState":{"showFog":true,"showMaterialUpdate":true,"showSkybox":true,"showFlares":true,"showImageEffects":true,"showParticleSystems":true},"in2DMode":false,"pivot":{"x":0.0702982246875763,"y":1.379464864730835,"z":-0.02197873592376709},"rotation":{"x":0.0022596772760152818,"y":-0.9874804019927979,"z":0.014218529686331749,"w":0.15712633728981019},"size":6.829859256744385,"orthographic":false}