{"cameraMode":{"drawMode":0,"name":"Shaded","section":"Shading Mode"},"sceneLighting":false,"audioPlay":false,"sceneViewState":{"showFog":true,"showMaterialUpdate":true,"showSkybox":false,"showFlares":true,"showImageEffects":true,"showParticleSystems":true},"in2DMode":false,"pivot":{"x":0.0,"y":0.43401744961738589,"z":0.8999999761581421},"rotation":{"x":0.04172457382082939,"y":-0.8805412650108337,"z":0.07892821729183197,"w":0.46548905968666079},"size":8.965846061706543,"orthographic":false}