{"cameraMode":{"drawMode":0,"name":"Shaded","section":"Shading Mode"},"sceneLighting":true,"audioPlay":false,"sceneViewState":{"showFog":true,"showMaterialUpdate":true,"showSkybox":true,"showFlares":true,"showImageEffects":true,"showParticleSystems":true},"in2DMode":false,"pivot":{"x":-1.2320289611816407,"y":8.694519996643067,"z":0.4282100796699524},"rotation":{"x":0.17632369697093965,"y":0.6884011030197144,"z":-0.17834648489952088,"w":0.680592954158783},"size":48.77541732788086,"orthographic":false}