{"cameraMode":{"drawMode":0,"name":"Shaded","section":"Shading Mode"},"sceneLighting":false,"audioPlay":false,"sceneViewState":{"showFog":true,"showMaterialUpdate":true,"showSkybox":false,"showFlares":true,"showImageEffects":true,"showParticleSystems":true},"in2DMode":false,"pivot":{"x":865.0159912109375,"y":-176.40208435058595,"z":15.177078247070313},"rotation":{"x":0.4739382266998291,"y":-0.2602013647556305,"z":0.14894631505012513,"w":0.8279445171356201},"size":279.1473388671875,"orthographic":false}