{"cameraMode":{"drawMode":0,"name":"Shaded","section":"Shading Mode"},"sceneLighting":false,"audioPlay":false,"sceneViewState":{"showFog":true,"showMaterialUpdate":true,"showSkybox":false,"showFlares":true,"showImageEffects":true,"showParticleSystems":true},"in2DMode":false,"pivot":{"x":-0.000001862645149230957,"y":1.5134618282318116,"z":-0.0000011622905731201172},"rotation":{"x":0.09108498692512512,"y":0.559196412563324,"z":-0.06198253482580185,"w":0.8216857314109802},"size":5.190392017364502,"orthographic":false}