{"cameraMode":{"drawMode":0,"name":"Shaded","section":"Shading Mode"},"sceneLighting":false,"audioPlay":false,"sceneViewState":{"showFog":true,"showMaterialUpdate":true,"showSkybox":false,"showFlares":true,"showImageEffects":true,"showParticleSystems":true},"in2DMode":false,"pivot":{"x":-7.152557373046875e-7,"y":-17.2950382232666,"z":-44.600006103515628},"rotation":{"x":0.1806393712759018,"y":0.29439303278923037,"z":-0.05677025392651558,"w":0.9367400407791138},"size":29.896263122558595,"orthographic":false}