{"cameraMode":{"drawMode":0,"name":"Shaded","section":"Shading Mode"},"sceneLighting":true,"audioPlay":false,"sceneViewState":{"showFog":true,"showMaterialUpdate":true,"showSkybox":true,"showFlares":true,"showImageEffects":true,"showParticleSystems":true},"in2DMode":false,"pivot":{"x":-14.764801025390625,"y":90.35888671875,"z":-136.27572631835938},"rotation":{"x":0.08579975366592407,"y":-0.8000853061676025,"z":0.11797407269477844,"w":0.5818805694580078},"size":431.8429870605469,"orthographic":false}