{"cameraMode":{"drawMode":0,"name":"Shaded","section":"Shading Mode"},"sceneLighting":false,"audioPlay":false,"sceneViewState":{"showFog":true,"showMaterialUpdate":true,"showSkybox":false,"showFlares":true,"showImageEffects":true,"showParticleSystems":true},"in2DMode":false,"pivot":{"x":0.03343188762664795,"y":15.675122261047364,"z":-29.006229400634767},"rotation":{"x":0.32659822702407839,"y":0.29360437393188479,"z":-0.10750701278448105,"w":0.8919500112533569},"size":14.344385147094727,"orthographic":false}