{"cameraMode":{"drawMode":0,"name":"Shaded","section":"Shading Mode"},"sceneLighting":false,"audioPlay":false,"sceneViewState":{"showFog":true,"showMaterialUpdate":true,"showSkybox":false,"showFlares":true,"showImageEffects":true,"showParticleSystems":true},"in2DMode":false,"pivot":{"x":0.07000011205673218,"y":1.6868950128555298,"z":0.16415512561798097},"rotation":{"x":0.10149628669023514,"y":0.8956734538078308,"z":-0.26620420813560488,"w":0.34148120880126955},"size":7.12053918838501,"orthographic":false}