{"cameraMode":{"drawMode":0,"name":"Shaded","section":"Shading Mode"},"sceneLighting":false,"audioPlay":false,"sceneViewState":{"showFog":true,"showMaterialUpdate":true,"showSkybox":false,"showFlares":true,"showImageEffects":true,"showParticleSystems":true},"in2DMode":false,"pivot":{"x":0.5945155620574951,"y":1.745155930519104,"z":-2.6608309745788576},"rotation":{"x":0.1806393712759018,"y":0.29439303278923037,"z":-0.05677025392651558,"w":0.9367400407791138},"size":19.405298233032228,"orthographic":false}