{"cameraMode":{"drawMode":0,"name":"Shaded","section":"Shading Mode"},"sceneLighting":false,"audioPlay":false,"sceneViewState":{"showFog":true,"showMaterialUpdate":true,"showSkybox":false,"showFlares":true,"showImageEffects":true,"showParticleSystems":true},"in2DMode":false,"pivot":{"x":-0.1933889389038086,"y":5.197031021118164,"z":-0.9937198162078857},"rotation":{"x":-0.02649911865592003,"y":-0.97331702709198,"z":0.17048245668411256,"w":-0.15129007399082185},"size":2.913331985473633,"orthographic":false}