{"cameraMode":{"drawMode":0,"name":"Shaded","section":"Shading Mode"},"sceneLighting":false,"audioPlay":false,"sceneViewState":{"showFog":true,"showMaterialUpdate":true,"showSkybox":false,"showFlares":true,"showImageEffects":true,"showParticleSystems":true},"in2DMode":false,"pivot":{"x":0.0,"y":0.3834766745567322,"z":-5.960464477539063e-8},"rotation":{"x":0.10149628669023514,"y":0.8956734538078308,"z":-0.26620420813560488,"w":0.34148120880126955},"size":9.052135467529297,"orthographic":false}