{"cameraMode":{"drawMode":0,"name":"Shaded","section":"Shading Mode"},"sceneLighting":false,"audioPlay":false,"sceneViewState":{"showFog":true,"showMaterialUpdate":true,"showSkybox":false,"showFlares":true,"showImageEffects":true,"showParticleSystems":true},"in2DMode":false,"pivot":{"x":0.2838612198829651,"y":2.421441078186035,"z":-0.01300048828125},"rotation":{"x":0.10149628669023514,"y":0.8956734538078308,"z":-0.26620420813560488,"w":0.34148120880126955},"size":8.301467895507813,"orthographic":false}