{"cameraMode":{"drawMode":0,"name":"Shaded","section":"Shading Mode"},"sceneLighting":false,"audioPlay":false,"sceneViewState":{"showFog":true,"showMaterialUpdate":true,"showSkybox":false,"showFlares":true,"showImageEffects":true,"showParticleSystems":true},"in2DMode":false,"pivot":{"x":0.0005666017532348633,"y":5.475485324859619,"z":-0.11107966303825379},"rotation":{"x":0.039522670209407809,"y":-0.7590366005897522,"z":0.04628128558397293,"w":0.6481970548629761},"size":3.6258628368377687,"orthographic":false}