{"cameraMode":{"drawMode":0,"name":"Shaded","section":"Shading Mode"},"sceneLighting":false,"audioPlay":false,"sceneViewState":{"showFog":true,"showMaterialUpdate":true,"showSkybox":false,"showFlares":true,"showImageEffects":true,"showParticleSystems":true},"in2DMode":false,"pivot":{"x":0.0024330615997314455,"y":0.44494739174842837,"z":-0.00002658367156982422},"rotation":{"x":0.17167001962661744,"y":-0.6901760101318359,"z":0.1739514023065567,"w":0.6811230778694153},"size":3.3729209899902345,"orthographic":false}