{"cameraMode":{"drawMode":0,"name":"Shaded","section":"Shading Mode"},"sceneLighting":false,"audioPlay":false,"sceneViewState":{"showFog":true,"showMaterialUpdate":true,"showSkybox":false,"showFlares":true,"showImageEffects":true,"showParticleSystems":true},"in2DMode":false,"pivot":{"x":-133.45001220703126,"y":461.54998779296877,"z":0.0},"rotation":{"x":0.06445528566837311,"y":0.0014969047624617816,"z":-0.0000966537045314908,"w":0.9979195594787598},"size":1817.335693359375,"orthographic":false}