{"cameraMode":{"drawMode":0,"name":"Shaded","section":"Shading Mode"},"sceneLighting":false,"audioPlay":false,"sceneViewState":{"showFog":true,"showMaterialUpdate":true,"showSkybox":false,"showFlares":true,"showImageEffects":true,"showParticleSystems":true},"in2DMode":false,"pivot":{"x":0.03343188762664795,"y":16.183902740478517,"z":-32.74018859863281},"rotation":{"x":0.32659822702407839,"y":0.29360437393188479,"z":-0.10750701278448105,"w":0.8919500112533569},"size":27.386972427368165,"orthographic":false}