{"cameraMode":{"drawMode":0,"name":"Shaded","section":"Shading Mode"},"sceneLighting":false,"audioPlay":false,"sceneViewState":{"showFog":true,"showMaterialUpdate":true,"showSkybox":false,"showFlares":true,"showImageEffects":true,"showParticleSystems":true},"in2DMode":false,"pivot":{"x":-0.8815069198608398,"y":0.4890989065170288,"z":-0.11219153553247452},"rotation":{"x":-0.4010140597820282,"y":-0.32368195056915285,"z":0.15396641194820405,"w":-0.8430381417274475},"size":4.645771026611328,"orthographic":false}