{"cameraMode":{"drawMode":0,"name":"Shaded","section":"Shading Mode"},"sceneLighting":false,"audioPlay":false,"sceneViewState":{"showFog":true,"showMaterialUpdate":true,"showSkybox":false,"showFlares":true,"showImageEffects":true,"showParticleSystems":true},"in2DMode":false,"pivot":{"x":-0.03083285689353943,"y":2.9802322387695315e-8,"z":2.9802322387695315e-8},"rotation":{"x":-0.06700777262449265,"y":0.9300674200057983,"z":-0.2143382728099823,"w":-0.2907637357711792},"size":1.6650958061218262,"orthographic":false}