{"cameraMode":{"drawMode":0,"name":"Shaded","section":"Shading Mode"},"sceneLighting":false,"audioPlay":false,"sceneViewState":{"showFog":true,"showMaterialUpdate":true,"showSkybox":false,"showFlares":true,"showImageEffects":true,"showParticleSystems":true},"in2DMode":false,"pivot":{"x":-3.314196825027466,"y":8.1239595413208,"z":-4.5067853927612309},"rotation":{"x":0.09108498692512512,"y":0.559196412563324,"z":-0.06198253482580185,"w":0.8216857314109802},"size":8.956694602966309,"orthographic":false}