{"cameraMode":{"drawMode":0,"name":"Shaded","section":"Shading Mode"},"sceneLighting":false,"audioPlay":false,"sceneViewState":{"showFog":true,"showMaterialUpdate":true,"showSkybox":false,"showFlares":true,"showImageEffects":true,"showParticleSystems":true},"in2DMode":false,"pivot":{"x":-0.5321054458618164,"y":18.951223373413087,"z":-38.3302001953125},"rotation":{"x":0.12470798939466477,"y":0.19365356862545014,"z":-0.024825414642691613,"w":0.9727962613105774},"size":56.80540466308594,"orthographic":false}