{"cameraMode":{"drawMode":0,"name":"Shaded","section":"Shading Mode"},"sceneLighting":false,"audioPlay":false,"sceneViewState":{"showFog":true,"showMaterialUpdate":true,"showSkybox":false,"showFlares":true,"showImageEffects":true,"showParticleSystems":true},"in2DMode":false,"pivot":{"x":-0.5147671699523926,"y":2.243745803833008,"z":0.2811101973056793},"rotation":{"x":0.018446074798703195,"y":-0.6901470422744751,"z":0.017602909356355668,"w":0.7232213020324707},"size":9.299590110778809,"orthographic":false}