{"cameraMode":{"drawMode":0,"name":"Shaded","section":"Shading Mode"},"sceneLighting":false,"audioPlay":false,"sceneViewState":{"showFog":true,"showMaterialUpdate":true,"showSkybox":false,"showFlares":true,"showImageEffects":true,"showParticleSystems":true},"in2DMode":false,"pivot":{"x":0.03343188762664795,"y":15.663498878479004,"z":-16.200000762939454},"rotation":{"x":0.1806393712759018,"y":0.29439303278923037,"z":-0.05677025392651558,"w":0.9367400407791138},"size":8.844527244567871,"orthographic":false}