{"cameraMode":{"drawMode":0,"name":"Shaded","section":"Shading Mode"},"sceneLighting":true,"audioPlay":false,"sceneViewState":{"showFog":true,"showMaterialUpdate":true,"showSkybox":true,"showFlares":true,"showImageEffects":true,"showParticleSystems":true},"in2DMode":false,"pivot":{"x":-1.2202720642089844,"y":25.075057983398439,"z":265.5028076171875},"rotation":{"x":0.34585317969322207,"y":-0.5870529413223267,"z":0.30517712235450747,"w":0.6652984023094177},"size":70.88710021972656,"orthographic":false}