{"cameraMode":{"drawMode":0,"name":"Shaded","section":"Shading Mode"},"sceneLighting":false,"audioPlay":false,"sceneViewState":{"showFog":true,"showMaterialUpdate":true,"showSkybox":false,"showFlares":true,"showImageEffects":true,"showParticleSystems":true},"in2DMode":false,"pivot":{"x":-0.0016133636236190796,"y":0.1222628802061081,"z":0.4896744191646576},"rotation":{"x":-0.3125467896461487,"y":0.1803438663482666,"z":-0.06056733429431915,"w":-0.9306572675704956},"size":2.1925995349884035,"orthographic":false}