{"cameraMode":{"drawMode":0,"name":"Shaded","section":"Shading Mode"},"sceneLighting":false,"audioPlay":false,"sceneViewState":{"showFog":true,"showMaterialUpdate":true,"showSkybox":false,"showFlares":true,"showImageEffects":true,"showParticleSystems":true},"in2DMode":false,"pivot":{"x":-0.736075758934021,"y":6.190171241760254,"z":-1.307599425315857},"rotation":{"x":-0.144571453332901,"y":-0.35273411870002749,"z":0.05525955557823181,"w":-0.9228354096412659},"size":0.27700525522232058,"orthographic":false}