{"cameraMode":{"drawMode":0,"name":"Shaded","section":"Shading Mode"},"sceneLighting":false,"audioPlay":false,"sceneViewState":{"showFog":true,"showMaterialUpdate":true,"showSkybox":false,"showFlares":true,"showImageEffects":true,"showParticleSystems":true},"in2DMode":false,"pivot":{"x":0.594515323638916,"y":1.8323770761489869,"z":-35.129459381103519},"rotation":{"x":0.32659822702407839,"y":0.29360437393188479,"z":-0.10750701278448105,"w":0.8919500112533569},"size":23.574291229248048,"orthographic":false}