{"cameraMode":{"drawMode":0,"name":"Shaded","section":"Shading Mode"},"sceneLighting":false,"audioPlay":false,"sceneViewState":{"showFog":true,"showMaterialUpdate":true,"showSkybox":false,"showFlares":true,"showImageEffects":true,"showParticleSystems":true},"in2DMode":false,"pivot":{"x":0.03578805923461914,"y":1.675132155418396,"z":-12.391866683959961},"rotation":{"x":0.32659822702407839,"y":0.29360437393188479,"z":-0.10750701278448105,"w":0.8919500112533569},"size":18.32050895690918,"orthographic":false}