{"cameraMode":{"drawMode":0,"name":"Shaded","section":"Shading Mode"},"sceneLighting":false,"audioPlay":false,"sceneViewState":{"showFog":true,"showMaterialUpdate":true,"showSkybox":false,"showFlares":true,"showImageEffects":true,"showParticleSystems":true},"in2DMode":false,"pivot":{"x":-14.375187873840332,"y":0.34198710322380068,"z":-39.162986755371097},"rotation":{"x":0.24051229655742646,"y":0.15212781727313996,"z":-0.038197360932826999,"w":0.957890510559082},"size":19.676149368286134,"orthographic":false}