{"cameraMode":{"drawMode":0,"name":"Shaded","section":"Shading Mode"},"sceneLighting":false,"audioPlay":false,"sceneViewState":{"showFog":true,"showMaterialUpdate":true,"showSkybox":false,"showFlares":true,"showImageEffects":true,"showParticleSystems":true},"in2DMode":false,"pivot":{"x":-6.520857334136963,"y":-2.731137752532959,"z":4.231929779052734},"rotation":{"x":0.18027518689632417,"y":-0.8138013482093811,"z":0.33251914381980898,"w":0.4412022531032562},"size":2.8578836917877199,"orthographic":false}