{"cameraMode":{"drawMode":0,"name":"Shaded","section":"Shading Mode"},"sceneLighting":false,"audioPlay":false,"sceneViewState":{"showFog":true,"showMaterialUpdate":true,"showSkybox":false,"showFlares":true,"showImageEffects":true,"showParticleSystems":true},"in2DMode":false,"pivot":{"x":15.304107666015625,"y":-45.486976623535159,"z":4.454010963439941},"rotation":{"x":-0.024866005405783654,"y":0.9734065532684326,"z":-0.18771013617515565,"w":-0.12894757091999055},"size":22.0,"orthographic":false}