{"cameraMode":{"drawMode":0,"name":"Shaded","section":"Shading Mode"},"sceneLighting":false,"audioPlay":false,"sceneViewState":{"showFog":true,"showMaterialUpdate":true,"showSkybox":false,"showFlares":true,"showImageEffects":true,"showParticleSystems":true},"in2DMode":false,"pivot":{"x":0.03578805923461914,"y":1.8164820671081544,"z":-17.79302978515625},"rotation":{"x":0.1806393712759018,"y":0.29439303278923037,"z":-0.05677025392651558,"w":0.9367400407791138},"size":24.589380264282228,"orthographic":false}