{"cameraMode":{"drawMode":0,"name":"Shaded","section":"Shading Mode"},"sceneLighting":false,"audioPlay":false,"sceneViewState":{"showFog":true,"showMaterialUpdate":true,"showSkybox":false,"showFlares":true,"showImageEffects":true,"showParticleSystems":true},"in2DMode":false,"pivot":{"x":-14.389779090881348,"y":0.33733367919921877,"z":-39.02249526977539},"rotation":{"x":0.6734254360198975,"y":-0.0088703203946352,"z":0.008081492967903614,"w":0.7391578555107117},"size":5.19952392578125,"orthographic":false}