{"cameraMode":{"drawMode":0,"name":"Shaded","section":"Shading Mode"},"sceneLighting":false,"audioPlay":false,"sceneViewState":{"showFog":true,"showMaterialUpdate":true,"showSkybox":false,"showFlares":true,"showImageEffects":true,"showParticleSystems":true},"in2DMode":false,"pivot":{"x":-4.76837158203125e-7,"y":-15.181854248046875,"z":-30.60000228881836},"rotation":{"x":0.1806393712759018,"y":0.29439303278923037,"z":-0.05677025392651558,"w":0.9367400407791138},"size":24.314626693725587,"orthographic":false}